request,block_id
0,0
1,1
2,2
3,3
4,4
5,5
6,6
7,7
8,8
9,9
10,10
11,11
12,12
13,13
14,14
15,15
16,16
17,17
18,18
19,19
20,20
21,21
22,22
23,23
24,24
25,25
26,26
27,27
28,28
29,29
30,30
31,31
32,32
33,33
34,34
35,35
36,36
37,37
38,38
39,39
40,40
41,41
42,42
43,43
44,44
45,45
46,46
47,47
48,48
49,49
50,50
51,51
52,52
53,53
54,54
55,55
56,56
57,57
58,58
59,59
60,0
61,1
62,2
63,3
64,4
65,5
66,6
67,7
68,8
69,9
70,10
71,11
72,12
73,13
74,14
75,15
76,16
77,17
78,18
79,19
80,20
81,21
82,22
83,23
84,24
85,25
86,26
87,27
88,28
89,29
90,30
91,31
92,32
93,33
94,34
95,35
96,36
97,37
98,38
99,39
100,40
101,41
102,42
103,43
104,44
105,45
106,46
107,47
108,48
109,49
110,50
111,51
112,52
113,53
114,54
115,55
116,56
117,57
118,58
119,59
120,0
121,1
122,2
123,3
124,4
125,5
126,6
127,7
128,8
129,9
130,10
131,11
132,12
133,13
134,14
135,15
136,16
137,17
138,18
139,19
140,20
141,21
142,22
143,23
144,24
145,25
146,26
147,27
148,28
149,29
150,30
151,31
152,32
153,33
154,34
155,35
156,36
157,37
158,38
159,39
160,40
161,41
162,42
163,43
164,44
165,45
166,46
167,47
168,48
169,49
170,50
171,51
172,52
173,53
174,54
175,55
176,56
177,57
178,58
179,59
180,60
181,61
182,62
183,63
184,64
185,65
186,66
187,67
188,68
189,69
190,70
191,71
192,72
193,73
194,74
195,75
196,76
197,77
198,78
199,79
200,80
201,81
202,82
203,83
204,84
205,85
206,86
207,87
208,88
209,89
210,90
211,91
212,92
213,93
214,94
215,95
216,96
217,97
218,98
219,99
220,0
221,1
222,2
223,3
224,4
225,5
226,6
227,7
228,8
229,9
230,10
231,11
232,12
233,13
234,14
235,15
236,16
237,17
238,18
239,19
240,20
241,21
242,22
243,23
244,24
245,25
246,26
247,27
248,28
249,29
250,30
251,31
252,32
253,33
254,34
255,35
256,36
257,37
258,38
259,39
260,40
261,41
262,42
263,43
264,44
265,45
266,46
267,47
268,48
269,49
270,50
271,51
272,52
273,53
274,54
275,55
276,56
277,57
278,58
279,59
280,0
281,1
282,2
283,3
284,4
285,5
286,6
287,7
288,8
289,9
290,10
291,11
292,12
293,13
294,14
295,15
296,16
297,17
298,18
299,19
300,20
301,21
302,22
303,23
304,24
305,25
306,26
307,27
308,28
309,29
310,30
311,31
312,32
313,33
314,34
315,35
316,36
317,37
318,38
319,39
320,40
321,41
322,42
323,43
324,44
325,45
326,46
327,47
328,48
329,49
330,50
331,51
332,52
333,53
334,54
335,55
336,56
337,57
338,58
339,59
340,0
341,1
342,2
343,3
344,4
345,5
346,6
347,7
348,8
349,9
350,10
351,11
352,12
353,13
354,14
355,15
356,16
357,17
358,18
359,19
360,20
361,21
362,22
363,23
364,24
365,25
366,26
367,27
368,28
369,29
370,30
371,31
372,32
373,33
374,34
375,35
376,36
377,37
378,38
379,39
380,40
381,41
382,42
383,43
384,44
385,45
386,46
387,47
388,48
389,49
390,50
391,51
392,52
393,53
394,54
395,55
396,56
397,57
398,58
399,59
400,60
401,61
402,62
403,63
404,64
405,65
406,66
407,67
408,68
409,69
410,70
411,71
412,72
413,73
414,74
415,75
416,76
417,77
418,78
419,79
420,80
421,81
422,82
423,83
424,84
425,85
426,86
427,87
428,88
429,89
430,90
431,91
432,92
433,93
434,94
435,95
436,96
437,97
438,98
439,99
440,0
441,1
442,2
443,3
444,4
445,5
446,6
447,7
448,8
449,9
450,10
451,11
452,12
453,13
454,14
455,15
456,16
457,17
458,18
459,19
460,20
461,21
462,22
463,23
464,24
465,25
466,26
467,27
468,28
469,29
470,30
471,31
472,32
473,33
474,34
475,35
476,36
477,37
478,38
479,39
480,40
481,41
482,42
483,43
484,44
485,45
486,46
487,47
488,48
489,49
490,50
491,51
492,52
493,53
494,54
495,55
496,56
497,57
498,58
499,59
500,0
501,1
502,2
503,3
504,4
505,5
506,6
507,7
508,8
509,9
510,10
511,11
512,12
513,13
514,14
515,15
516,16
517,17
518,18
519,19
520,20
521,21
522,22
523,23
524,24
525,25
526,26
527,27
528,28
529,29
530,30
531,31
532,32
533,33
534,34
535,35
536,36
537,37
538,38
539,39
540,40
541,41
542,42
543,43
544,44
545,45
546,46
547,47
548,48
549,49
550,50
551,51
552,52
553,53
554,54
555,55
556,56
557,57
558,58
559,59
560,0
561,1
562,2
563,3
564,4
565,5
566,6
567,7
568,8
569,9
570,10
571,11
572,12
573,13
574,14
575,15
576,16
577,17
578,18
579,19
580,20
581,21
582,22
583,23
584,24
585,25
586,26
587,27
588,28
589,29
590,30
591,31
592,32
593,33
594,34
595,35
596,36
597,37
598,38
599,39
600,40
601,41
602,42
603,43
604,44
605,45
606,46
607,47
608,48
609,49
610,50
611,51
612,52
613,53
614,54
615,55
616,56
617,57
618,58
619,59
620,60
621,61
622,62
623,63
624,64
625,65
626,66
627,67
628,68
629,69
630,70
631,71
632,72
633,73
634,74
635,75
636,76
637,77
638,78
639,79
640,80
641,81
642,82
643,83
644,84
645,85
646,86
647,87
648,88
649,89
650,90
651,91
652,92
653,93
654,94
655,95
656,96
657,97
658,98
659,99
